_id,District,Station,Rainfall,Date
1,Chennai,Chennai port trust,10,1993-03-03T00:00:00
2,Chennai,Chennai port trust,10,1993-03-03T00:00:00
3,Chennai,Sholinganallur,2,1993-03-03T00:00:00
4,Chennai,Chennai nungambakkam,2,1993-03-03T00:00:00
5,Chennai,Sholinganallur,46.1,1993-05-16T00:00:00
6,Chennai,Chennai nungambakkam,46.1,1993-05-16T00:00:00
7,Chennai,Chennai port trust,46,1993-05-16T00:00:00
8,Chennai,Chennai port trust,46,1993-05-16T00:00:00
9,Chennai,Sholinganallur,11.5,1993-05-27T00:00:00
10,Chennai,Chennai nungambakkam,11.5,1993-05-27T00:00:00
11,Chennai,Chennai port trust,8,1993-05-27T00:00:00
12,Chennai,Chennai port trust,8,1993-05-27T00:00:00
13,Chennai,Sholinganallur,0.5,1993-05-28T00:00:00
14,Chennai,Chennai nungambakkam,0.5,1993-05-28T00:00:00
15,Chennai,Sholinganallur,3.6,1993-04-06T00:00:00
16,Chennai,Chennai nungambakkam,3.6,1993-04-06T00:00:00
17,Chennai,Chennai port trust,2,1993-04-06T00:00:00
18,Chennai,Chennai port trust,2,1993-04-06T00:00:00
19,Chennai,Sholinganallur,31.6,1993-09-06T00:00:00
20,Chennai,Chennai nungambakkam,31.6,1993-09-06T00:00:00
21,Chennai,Chennai port trust,21,1993-09-06T00:00:00
22,Chennai,Chennai port trust,21,1993-09-06T00:00:00
23,Chennai,Sholinganallur,7.6,1993-06-13T00:00:00
24,Chennai,Chennai nungambakkam,7.6,1993-06-13T00:00:00
25,Chennai,Chennai port trust,3.1,1993-06-13T00:00:00
26,Chennai,Chennai port trust,3.1,1993-06-13T00:00:00
27,Chennai,Sholinganallur,2.8,1993-06-14T00:00:00
28,Chennai,Chennai nungambakkam,2.8,1993-06-14T00:00:00
29,Chennai,Chennai port trust,1.8,1993-06-14T00:00:00
30,Chennai,Chennai port trust,1.8,1993-06-14T00:00:00
31,Chennai,Chennai port trust,4.8,1993-06-15T00:00:00
32,Chennai,Chennai port trust,4.8,1993-06-15T00:00:00
33,Chennai,Sholinganallur,3.7,1993-06-15T00:00:00
34,Chennai,Chennai nungambakkam,3.7,1993-06-15T00:00:00
35,Chennai,Sholinganallur,0.1,1993-06-21T00:00:00
36,Chennai,Chennai nungambakkam,0.1,1993-06-21T00:00:00
37,Chennai,Chennai port trust,20.2,1993-02-07T00:00:00
38,Chennai,Chennai port trust,20.2,1993-02-07T00:00:00
39,Chennai,Sholinganallur,17.8,1993-02-07T00:00:00
40,Chennai,Chennai nungambakkam,17.8,1993-02-07T00:00:00
41,Chennai,Chennai port trust,1.6,1993-06-07T00:00:00
42,Chennai,Chennai port trust,1.6,1993-06-07T00:00:00
43,Chennai,Sholinganallur,0.8,1993-06-07T00:00:00
44,Chennai,Chennai nungambakkam,0.8,1993-06-07T00:00:00
45,Chennai,Chennai port trust,4.6,1993-07-07T00:00:00
46,Chennai,Chennai port trust,4.6,1993-07-07T00:00:00
47,Chennai,Sholinganallur,3.3,1993-07-07T00:00:00
48,Chennai,Chennai nungambakkam,3.3,1993-07-07T00:00:00
49,Chennai,Chennai port trust,8.8,1993-08-07T00:00:00
50,Chennai,Chennai port trust,8.8,1993-08-07T00:00:00
51,Chennai,Sholinganallur,5.4,1993-08-07T00:00:00
52,Chennai,Chennai nungambakkam,5.4,1993-08-07T00:00:00
53,Chennai,Sholinganallur,0.1,1993-09-07T00:00:00
54,Chennai,Chennai nungambakkam,0.1,1993-09-07T00:00:00
55,Chennai,Sholinganallur,2.3,1993-10-07T00:00:00
56,Chennai,Chennai nungambakkam,2.3,1993-10-07T00:00:00
57,Chennai,Chennai port trust,2,1993-10-07T00:00:00
58,Chennai,Chennai port trust,2,1993-10-07T00:00:00
59,Chennai,Sholinganallur,1.8,1993-07-15T00:00:00
60,Chennai,Chennai nungambakkam,1.8,1993-07-15T00:00:00
61,Chennai,Sholinganallur,0.6,1993-07-16T00:00:00
62,Chennai,Chennai nungambakkam,0.6,1993-07-16T00:00:00
63,Chennai,Sholinganallur,21.4,1993-07-22T00:00:00
64,Chennai,Chennai nungambakkam,21.4,1993-07-22T00:00:00
65,Chennai,Chennai port trust,13.4,1993-07-22T00:00:00
66,Chennai,Chennai port trust,13.4,1993-07-22T00:00:00
67,Chennai,Chennai port trust,2.2,1993-07-23T00:00:00
68,Chennai,Chennai port trust,2.2,1993-07-23T00:00:00
69,Chennai,Sholinganallur,2,1993-07-23T00:00:00
70,Chennai,Chennai nungambakkam,2,1993-07-23T00:00:00
71,Chennai,Sholinganallur,7.4,1993-07-24T00:00:00
72,Chennai,Chennai nungambakkam,7.4,1993-07-24T00:00:00
73,Chennai,Chennai port trust,5.4,1993-07-24T00:00:00
74,Chennai,Chennai port trust,5.4,1993-07-24T00:00:00
75,Chennai,Chennai port trust,3.4,1993-07-25T00:00:00
76,Chennai,Chennai port trust,3.4,1993-07-25T00:00:00
77,Chennai,Sholinganallur,3.3,1993-07-25T00:00:00
78,Chennai,Chennai nungambakkam,3.3,1993-07-25T00:00:00
79,Chennai,Sholinganallur,3.2,1993-07-26T00:00:00
80,Chennai,Chennai nungambakkam,3.2,1993-07-26T00:00:00
81,Chennai,Chennai port trust,1,1993-07-27T00:00:00
82,Chennai,Chennai port trust,1,1993-07-27T00:00:00
83,Chennai,Sholinganallur,0.2,1993-07-27T00:00:00
84,Chennai,Chennai nungambakkam,0.2,1993-07-27T00:00:00
85,Chennai,Sholinganallur,1.7,1993-07-28T00:00:00
86,Chennai,Chennai nungambakkam,1.7,1993-07-28T00:00:00
87,Chennai,Chennai port trust,0.4,1993-07-28T00:00:00
88,Chennai,Chennai port trust,0.4,1993-07-28T00:00:00
89,Chennai,Chennai port trust,1,1993-07-30T00:00:00
90,Chennai,Chennai port trust,1,1993-07-30T00:00:00
91,Chennai,Sholinganallur,0.9,1993-07-30T00:00:00
92,Chennai,Chennai nungambakkam,0.9,1993-07-30T00:00:00
93,Chennai,Sholinganallur,1.3,1993-01-08T00:00:00
94,Chennai,Chennai nungambakkam,1.3,1993-01-08T00:00:00
95,Chennai,Chennai port trust,2,1993-04-08T00:00:00
96,Chennai,Chennai port trust,2,1993-04-08T00:00:00
97,Chennai,Sholinganallur,0.5,1993-04-08T00:00:00
98,Chennai,Chennai nungambakkam,0.5,1993-04-08T00:00:00
99,Chennai,Sholinganallur,10,1993-06-08T00:00:00
100,Chennai,Chennai nungambakkam,10,1993-06-08T00:00:00
